y,y_pred,y_pred_prob,oth_pred,oth_pred_prob
1,1,0.512969,0,0.487031
1,1,0.543381,0,0.456619
1,0,0.503924,1,0.496076
1,0,0.555913,1,0.444087
1,1,0.529147,0,0.470853
1,1,0.504991,0,0.495009
1,0,0.502865,1,0.497135
1,0,0.502717,1,0.497283
1,1,0.601425,0,0.398575
1,1,0.525511,0,0.474489
1,1,0.526188,0,0.473812
1,0,0.501131,1,0.498869
1,0,0.555273,1,0.444727
1,1,0.536863,0,0.463137
1,1,0.518540,0,0.481460
1,1,0.534302,0,0.465698
1,1,0.529581,0,0.470419
1,1,0.505902,0,0.494098
1,1,0.510655,0,0.489345
1,1,0.556419,0,0.443581
1,1,0.504200,0,0.495800
1,1,0.505778,0,0.494222
1,1,0.532618,0,0.467382
1,1,0.521242,0,0.478758
1,1,0.524956,0,0.475044
1,0,0.501130,1,0.498870
1,1,0.523496,0,0.476504
1,0,0.590410,1,0.409590
1,1,0.516119,0,0.483881
1,0,0.512026,1,0.487974
1,0,1.000000,1,0.000000
1,0,0.534877,1,0.465123
1,1,0.537615,0,0.462385
1,0,1.000000,1,0.000000
1,1,0.511746,0,0.488254
1,0,1.000000,1,0.000000
1,1,0.519286,0,0.480714
1,1,0.505302,0,0.494698
1,1,0.843322,0,0.156678
1,1,0.555143,0,0.444857
1,0,0.512773,1,0.487227
1,0,0.501882,1,0.498118
1,1,0.510407,0,0.489593
1,0,0.511148,1,0.488852
1,0,0.501355,1,0.498645
1,1,0.515411,0,0.484589
1,1,0.554115,0,0.445885
1,1,0.631055,0,0.368945
1,1,0.549949,0,0.450051
1,1,0.520986,0,0.479014
1,0,0.505542,1,0.494458
1,1,0.526657,0,0.473343
1,1,0.534848,0,0.465152
1,1,0.561488,0,0.438512
1,0,0.605046,1,0.394954
1,1,0.631055,0,0.368945
1,1,0.563070,0,0.436930
1,1,0.518321,0,0.481679
1,0,0.577127,1,0.422873
1,0,0.508912,1,0.491088
1,0,0.505923,1,0.494077
1,1,0.526310,0,0.473690
1,1,0.527887,0,0.472113
1,1,0.533070,0,0.466930
1,0,0.511775,1,0.488225
1,1,0.515843,0,0.484157
1,0,0.743232,1,0.256768
1,1,0.525329,0,0.474671
1,1,0.530452,0,0.469548
1,1,0.503643,0,0.496357
1,1,0.510678,0,0.489322
1,1,0.513479,0,0.486521
1,1,0.569571,0,0.430429
1,0,0.526720,1,0.473280
1,1,0.513327,0,0.486673
1,0,0.510100,1,0.489900
1,0,0.563685,1,0.436315
1,0,0.504574,1,0.495426
1,0,1.000000,1,0.000000
1,1,0.501894,0,0.498106
1,1,0.503998,0,0.496002
1,1,0.511697,0,0.488303
1,0,0.529384,1,0.470616
1,0,0.503226,1,0.496774
1,1,0.530452,0,0.469548
1,1,0.522824,0,0.477176
1,1,0.521966,0,0.478034
1,1,0.531475,0,0.468525
1,1,0.508184,0,0.491816
1,0,0.577127,1,0.422873
1,1,0.518479,0,0.481521
1,0,0.510307,1,0.489693
1,1,0.546271,0,0.453729
1,1,0.529303,0,0.470697
1,1,0.532618,0,0.467382
1,1,0.554115,0,0.445885
1,1,0.500309,0,0.499691
1,0,0.504425,1,0.495575
1,1,0.524031,0,0.475969
1,1,0.505929,0,0.494071
1,1,0.508187,0,0.491813
1,1,0.545087,0,0.454913
1,1,0.542619,0,0.457381
1,1,0.521687,0,0.478313
1,1,0.518378,0,0.481622
1,0,0.501815,1,0.498185
1,1,0.500799,0,0.499201
1,1,0.532618,0,0.467382
1,1,0.504042,0,0.495958
1,1,0.565011,0,0.434989
1,1,0.627468,0,0.372532
1,0,0.509536,1,0.490464
1,1,0.551760,0,0.448240
1,0,1.000000,1,0.000000
1,1,0.528659,0,0.471341
1,0,0.509300,1,0.490700
1,1,0.505157,0,0.494843
1,1,0.539212,0,0.460788
1,1,0.544422,0,0.455578
1,1,0.507899,0,0.492101
1,1,0.516287,0,0.483713
1,0,0.534991,1,0.465009
1,0,0.510100,1,0.489900
1,0,0.536836,1,0.463164
1,1,0.554728,0,0.445272
1,1,0.530452,0,0.469548
1,0,0.544618,1,0.455382
1,0,0.508748,1,0.491252
1,0,1.000000,1,0.000000
1,0,0.526720,1,0.473280
1,1,0.520755,0,0.479245
1,1,0.537671,0,0.462329
1,1,0.516857,0,0.483143
1,1,0.675989,0,0.324011
1,1,0.557702,0,0.442298
1,1,0.669844,0,0.330156
1,0,0.586105,1,0.413895
1,0,1.000000,1,0.000000
1,0,1.000000,1,0.000000
1,1,0.552390,0,0.447610
1,0,0.515089,1,0.484911
1,1,0.523620,0,0.476380
1,0,0.544618,1,0.455382
1,0,0.514813,1,0.485187
1,0,0.531522,1,0.468478
1,0,0.537105,1,0.462895
1,1,0.514614,0,0.485386
1,1,0.513816,0,0.486184
1,0,0.726199,1,0.273801
1,1,0.502674,0,0.497326
1,0,0.549537,1,0.450463
1,1,0.600543,0,0.399457
1,1,0.527790,0,0.472210
1,1,0.516813,0,0.483187
1,0,0.529479,1,0.470521
1,1,0.515411,0,0.484589
1,1,0.536808,0,0.463192
1,0,0.503342,1,0.496658
1,1,0.522743,0,0.477257
1,0,0.500998,1,0.499002
1,1,0.507887,0,0.492113
1,1,0.520369,0,0.479631
1,1,0.523702,0,0.476298
1,0,0.554256,1,0.445744
1,0,0.561966,1,0.438034
1,1,0.508602,0,0.491398
1,1,0.503643,0,0.496357
1,1,0.505225,0,0.494775
1,1,0.515411,0,0.484589
1,1,0.540391,0,0.459609
1,1,0.516813,0,0.483187
1,0,0.537105,1,0.462895
1,1,0.578620,0,0.421380
1,1,0.669633,0,0.330367
1,0,1.000000,1,0.000000
1,0,0.530279,1,0.469721
1,1,0.524801,0,0.475199
1,0,0.500233,1,0.499767
1,0,0.610624,1,0.389376
1,1,0.522324,0,0.477676
1,1,0.541161,0,0.458839
1,1,0.536808,0,0.463192
1,1,0.503643,0,0.496357
1,0,0.516339,1,0.483661
1,1,0.517713,0,0.482287
1,1,0.507340,0,0.492660
1,1,0.508607,0,0.491393
1,0,0.726199,1,0.273801
1,1,0.536808,0,0.463192
1,1,0.537671,0,0.462329
1,0,0.546900,1,0.453100
1,0,0.552249,1,0.447751
1,0,0.526720,1,0.473280
1,1,0.528223,0,0.471777
1,1,0.527421,0,0.472579
1,1,0.639691,0,0.360309
1,1,0.535162,0,0.464838
1,1,0.514944,0,0.485056
1,1,0.537485,0,0.462515
1,1,0.501423,0,0.498577
1,1,0.537485,0,0.462515
1,1,0.521531,0,0.478469
1,1,0.503998,0,0.496002
1,1,0.547062,0,0.452938
1,1,0.503203,0,0.496797
1,0,0.514073,1,0.485927
1,1,0.537884,0,0.462116
1,0,0.503858,1,0.496142
1,1,0.513307,0,0.486693
1,1,0.503844,0,0.496156
1,0,0.726199,1,0.273801
1,0,0.561966,1,0.438034
1,0,0.500233,1,0.499767
1,1,0.518501,0,0.481499
1,0,0.508912,1,0.491088
1,0,0.586105,1,0.413895
1,1,0.503844,0,0.496156
1,1,0.522915,0,0.477085
1,0,0.520181,1,0.479819
1,0,1.000000,1,0.000000
1,1,0.523597,0,0.476403
1,1,0.504200,0,0.495800
1,0,0.531522,1,0.468478
1,1,0.539508,0,0.460492
1,1,0.534403,0,0.465597
1,1,0.502915,0,0.497085
1,1,0.550780,0,0.449220
1,1,0.550211,0,0.449789
1,0,0.554256,1,0.445744
1,0,0.504571,1,0.495429
1,0,0.531522,1,0.468478
1,1,0.569571,0,0.430429
1,0,0.533098,1,0.466902
1,1,0.564111,0,0.435889
1,1,0.513766,0,0.486234
1,1,0.518025,0,0.481975
1,1,0.601425,0,0.398575
1,1,0.508602,0,0.491398
1,1,0.503998,0,0.496002
1,1,0.519865,0,0.480135
1,0,0.561966,1,0.438034
1,1,0.504968,0,0.495032
1,0,0.531522,1,0.468478
1,1,0.507899,0,0.492101
1,1,0.553275,0,0.446725
1,1,0.512690,0,0.487310
1,1,0.518887,0,0.481113
1,1,0.667106,0,0.332894
1,0,0.501809,1,0.498191
1,1,0.525418,0,0.474582
1,1,0.510863,0,0.489137
1,1,0.511345,0,0.488655
1,0,0.531522,1,0.468478
1,1,0.521629,0,0.478371
1,1,0.533091,0,0.466909
1,0,0.500138,1,0.499862
1,1,0.500934,0,0.499066
1,1,0.518210,0,0.481790
1,1,0.506455,0,0.493545
1,0,0.547121,1,0.452879
1,1,0.559876,0,0.440124
1,1,0.510275,0,0.489725
1,0,0.519819,1,0.480181
1,0,1.000000,1,0.000000
1,1,0.503998,0,0.496002
1,1,0.524980,0,0.475020
1,1,0.508665,0,0.491335
1,0,0.509300,1,0.490700
1,1,0.518210,0,0.481790
1,1,0.601425,0,0.398575
1,1,0.517092,0,0.482908
1,1,0.667106,0,0.332894
1,0,0.503286,1,0.496714
1,1,0.533070,0,0.466930
1,1,0.531475,0,0.468525
1,1,0.547062,0,0.452938
1,1,0.517960,0,0.482040
1,0,0.511379,1,0.488621
1,1,0.523631,0,0.476369
1,1,0.511095,0,0.488905
1,1,0.515829,0,0.484171
1,1,0.520045,0,0.479955
1,1,0.513091,0,0.486909
1,0,1.000000,1,0.000000
1,0,0.529767,1,0.470233
1,0,0.584648,1,0.415352
1,0,0.506087,1,0.493913
1,1,0.547638,0,0.452362
1,1,0.528283,0,0.471717
1,1,0.544633,0,0.455367
1,1,0.530452,0,0.469548
1,0,0.517904,1,0.482096
1,1,0.504171,0,0.495829
1,0,1.000000,1,0.000000
1,1,0.524510,0,0.475490
1,0,1.000000,1,0.000000
1,1,0.516126,0,0.483874
1,1,0.675989,0,0.324011
1,0,0.544442,1,0.455558
1,1,0.521466,0,0.478534
1,0,0.530586,1,0.469414
1,0,0.542976,1,0.457024
1,0,0.590410,1,0.409590
1,0,0.829429,1,0.170571
1,1,0.505117,0,0.494883
1,1,0.551230,0,0.448770
1,1,0.550780,0,0.449220
1,0,0.518315,1,0.481685
1,1,0.541108,0,0.458892
1,0,0.501882,1,0.498118
1,1,0.516813,0,0.483187
1,0,0.506638,1,0.493362
1,1,0.534265,0,0.465735
1,1,0.529514,0,0.470486
1,1,0.507887,0,0.492113
1,1,0.521850,0,0.478150
1,1,0.532416,0,0.467584
1,1,0.502778,0,0.497222
1,1,0.508067,0,0.491933
1,1,0.507567,0,0.492433
1,1,0.523116,0,0.476884
1,1,0.520591,0,0.479409
1,1,0.508602,0,0.491398
1,1,0.518005,0,0.481995
1,1,0.538038,0,0.461962
1,0,0.588977,1,0.411023
1,1,0.515411,0,0.484589
1,0,0.526720,1,0.473280
1,1,0.623456,0,0.376544
1,0,0.504704,1,0.495296
1,1,0.515039,0,0.484961
1,1,0.524214,0,0.475786
1,1,0.582730,0,0.417270
1,1,0.528649,0,0.471351
1,1,0.510799,0,0.489201
1,1,0.560510,0,0.439490
1,1,0.528996,0,0.471004
1,1,0.508680,0,0.491320
1,0,0.511445,1,0.488555
1,1,0.540475,0,0.459525
1,1,0.520391,0,0.479609
1,1,0.511971,0,0.488029
1,1,0.666767,0,0.333233
1,0,0.517733,1,0.482267
1,1,0.526355,0,0.473645
1,1,0.669633,0,0.330367
1,1,0.508665,0,0.491335
1,0,0.566712,1,0.433288
1,1,0.578620,0,0.421380
1,0,0.562069,1,0.437931
1,1,0.516119,0,0.483881
1,1,0.524031,0,0.475969
1,1,0.508602,0,0.491398
1,0,1.000000,1,0.000000
1,1,0.639691,0,0.360309
1,1,0.508083,0,0.491917
1,1,0.503184,0,0.496816
1,1,0.511142,0,0.488858
1,0,0.501942,1,0.498058
1,0,1.000000,1,0.000000
1,0,0.526720,1,0.473280
1,0,0.600297,1,0.399703
1,1,0.513826,0,0.486174
1,1,0.631055,0,0.368945
1,0,0.503731,1,0.496269
1,1,0.519212,0,0.480788
1,0,0.509372,1,0.490628
1,1,0.502782,0,0.497218
1,1,0.501641,0,0.498359
1,1,0.520355,0,0.479645
1,1,0.505882,0,0.494118
1,1,0.508131,0,0.491869
1,0,0.555690,1,0.444310
1,1,0.505109,0,0.494891
1,1,0.601425,0,0.398575
1,1,0.526234,0,0.473766
1,1,0.508665,0,0.491335
1,1,0.501927,0,0.498073
1,1,0.513334,0,0.486666
1,1,0.601425,0,0.398575
1,0,0.500565,1,0.499435
1,1,0.582730,0,0.417270
1,0,1.000000,1,0.000000
1,1,0.535856,0,0.464144
1,0,0.510938,1,0.489062
1,1,0.564579,0,0.435421
1,1,0.567741,0,0.432259
1,1,0.538064,0,0.461936
1,1,0.537884,0,0.462116
1,1,0.512969,0,0.487031
1,1,0.504126,0,0.495874
1,1,0.517019,0,0.482981
1,1,0.508893,0,0.491107
1,0,0.508679,1,0.491321
1,0,0.509300,1,0.490700
1,0,0.525328,1,0.474672
1,0,0.526013,1,0.473987
1,1,0.503643,0,0.496357
1,1,0.532618,0,0.467382
1,1,0.507887,0,0.492113
1,1,0.524510,0,0.475490
1,0,0.502777,1,0.497223
1,1,0.519318,0,0.480682
1,0,0.503224,1,0.496776
1,1,0.564936,0,0.435064
1,0,1.000000,1,0.000000
1,1,0.669633,0,0.330367
1,0,0.500998,1,0.499002
1,1,0.516229,0,0.483771
1,0,0.522176,1,0.477824
1,1,0.522051,0,0.477949
1,1,0.505649,0,0.494351
1,0,0.502938,1,0.497062
1,1,0.507887,0,0.492113
1,1,0.537884,0,0.462116
1,1,0.533104,0,0.466896
1,0,0.520220,1,0.479780
1,1,0.512969,0,0.487031
1,1,0.533070,0,0.466930
1,0,0.526720,1,0.473280
1,0,0.529381,1,0.470619
1,0,0.590410,1,0.409590
1,1,0.511113,0,0.488887
1,0,0.507954,1,0.492046
1,0,1.000000,1,0.000000
1,1,0.767096,0,0.232904
1,0,1.000000,1,0.000000
1,1,0.512969,0,0.487031
1,1,0.504905,0,0.495095
1,0,0.515089,1,0.484911
1,1,0.582730,0,0.417270
1,0,0.502201,1,0.497799
1,0,1.000000,1,0.000000
1,1,0.500068,0,0.499932
1,1,0.503998,0,0.496002
1,1,0.505167,0,0.494833
1,1,0.669633,0,0.330367
1,1,0.508468,0,0.491532
1,0,0.507576,1,0.492424
1,1,0.515411,0,0.484589
1,0,0.534625,1,0.465375
1,1,0.582730,0,0.417270
1,1,0.538336,0,0.461664
1,0,0.558665,1,0.441335
1,1,0.509179,0,0.490821
1,0,0.504704,1,0.495296
1,1,0.519184,0,0.480816
1,1,0.516777,0,0.483223
1,1,0.501748,0,0.498252
1,1,0.543640,0,0.456360
1,1,0.526355,0,0.473645
1,0,0.517708,1,0.482292
1,0,0.502345,1,0.497655
1,0,0.543252,1,0.456748
1,0,0.527684,1,0.472316
1,1,0.580497,0,0.419503
1,0,0.520338,1,0.479662
1,1,0.531475,0,0.468525
1,1,0.511183,0,0.488817
1,1,0.517147,0,0.482853
1,0,0.514153,1,0.485847
1,1,0.516603,0,0.483397
1,1,0.523273,0,0.476727
1,1,0.669633,0,0.330367
1,1,0.579242,0,0.420758
1,1,0.512969,0,0.487031
1,1,0.536940,0,0.463060
1,0,0.562069,1,0.437931
1,1,0.537885,0,0.462115
1,1,0.509326,0,0.490674
1,1,0.666767,0,0.333233
1,1,0.516856,0,0.483144
1,1,0.557702,0,0.442298
1,1,0.552390,0,0.447610
1,1,0.508131,0,0.491869
1,0,1.000000,1,0.000000
1,0,0.726199,1,0.273801
1,1,0.518305,0,0.481695
1,0,0.504101,1,0.495899
1,0,0.504404,1,0.495596
1,0,0.502102,1,0.497898
1,1,0.520578,0,0.479422
1,1,0.519069,0,0.480931
1,1,0.607054,0,0.392946
1,1,0.532003,0,0.467997
1,1,0.517968,0,0.482032
1,1,0.511945,0,0.488055
1,0,0.503516,1,0.496484
1,1,0.523671,0,0.476329
1,0,0.503857,1,0.496143
1,1,0.546923,0,0.453077
1,1,0.529514,0,0.470486
1,0,0.510100,1,0.489900
1,1,0.669633,0,0.330367
1,0,0.527531,1,0.472469
1,0,0.617619,1,0.382381
1,1,0.601425,0,0.398575
1,1,0.546787,0,0.453213
1,1,0.508360,0,0.491640
1,1,0.510799,0,0.489201
1,0,0.522176,1,0.477824
1,0,0.500998,1,0.499002
1,0,0.585023,1,0.414977
1,1,0.525418,0,0.474582
1,1,0.538038,0,0.461962
1,1,0.592520,0,0.407480
1,1,0.549995,0,0.450005
1,1,0.558584,0,0.441416
1,1,0.508602,0,0.491398
1,0,1.000000,1,0.000000
1,0,0.524183,1,0.475817
1,1,0.669633,0,0.330367
1,0,0.505923,1,0.494077
1,1,0.517713,0,0.482287
1,0,0.515089,1,0.484911
1,0,0.500942,1,0.499058
1,1,0.517432,0,0.482568
1,1,0.527016,0,0.472984
1,1,0.544633,0,0.455367
1,0,0.531522,1,0.468478
1,0,0.521561,1,0.478439
1,1,0.505302,0,0.494698
1,1,0.524031,0,0.475969
1,1,0.557702,0,0.442298
1,1,0.528283,0,0.471717
1,0,0.502672,1,0.497328
1,1,0.505302,0,0.494698
1,0,1.000000,1,0.000000
1,0,1.000000,1,0.000000
1,1,0.517676,0,0.482324
1,1,0.509326,0,0.490674
1,1,0.843322,0,0.156678
1,1,0.524956,0,0.475044
1,1,0.513479,0,0.486521
1,0,0.503286,1,0.496714
1,1,0.530292,0,0.469708
1,1,0.556419,0,0.443581
1,1,0.507899,0,0.492101
1,0,0.501567,1,0.498433
1,1,0.519085,0,0.480915
1,1,0.538209,0,0.461791
1,1,0.508131,0,0.491869
1,1,0.669633,0,0.330367
1,0,1.000000,1,0.000000
1,1,0.507859,0,0.492141
1,1,0.501138,0,0.498862
1,0,0.526720,1,0.473280
1,1,0.540169,0,0.459831
1,1,0.623052,0,0.376948
1,0,0.500742,1,0.499258
1,0,0.554256,1,0.445744
1,0,0.583528,1,0.416472
1,1,0.507235,0,0.492765
1,1,0.500627,0,0.499373
1,0,0.500444,1,0.499556
1,1,0.559699,0,0.440301
1,1,0.536808,0,0.463192
1,1,0.554683,0,0.445317
1,0,0.506535,1,0.493465
1,1,0.530292,0,0.469708
1,0,0.526720,1,0.473280
1,0,1.000000,1,0.000000
1,0,0.517355,1,0.482645
1,1,0.508602,0,0.491398
1,0,0.543535,1,0.456465
1,1,0.556419,0,0.443581
1,1,0.519345,0,0.480655
1,0,0.526906,1,0.473094
1,1,0.567040,0,0.432960
1,1,0.503950,0,0.496050
1,1,0.575622,0,0.424378
1,0,0.509300,1,0.490700
1,0,1.000000,1,0.000000
1,0,0.501105,1,0.498895
1,1,0.521697,0,0.478303
1,0,0.510263,1,0.489737
1,1,0.508753,0,0.491247
1,1,0.504126,0,0.495874
1,1,0.522850,0,0.477150
1,1,0.530151,0,0.469849
1,1,0.502089,0,0.497911
1,0,0.541427,1,0.458573
1,1,0.505649,0,0.494351
1,1,0.518077,0,0.481923
1,0,1.000000,1,0.000000
1,1,0.544633,0,0.455367
1,1,0.508607,0,0.491393
1,1,0.543019,0,0.456981
1,1,0.513836,0,0.486164
1,1,0.506834,0,0.493166
1,0,1.000000,1,0.000000
1,0,0.566776,1,0.433224
1,1,0.501856,0,0.498144
1,0,0.503286,1,0.496714
1,0,0.500592,1,0.499408
1,0,0.522793,1,0.477207
1,1,0.516856,0,0.483144
1,0,0.509121,1,0.490879
1,1,0.529952,0,0.470048
1,1,0.559699,0,0.440301
1,0,0.515560,1,0.484440
1,1,0.516397,0,0.483603
1,0,0.500998,1,0.499002
1,0,0.514073,1,0.485927
1,1,0.504628,0,0.495372
1,1,0.531402,0,0.468598
1,0,0.544618,1,0.455382
1,1,0.607054,0,0.392946
1,1,0.508665,0,0.491335
1,0,0.553959,1,0.446041
1,1,0.510713,0,0.489287
1,1,0.504200,0,0.495800
1,0,0.501567,1,0.498433
1,1,0.537671,0,0.462329
1,1,0.843322,0,0.156678
1,1,0.520591,0,0.479409
1,1,0.510739,0,0.489261
1,1,0.501228,0,0.498772
1,0,0.680933,1,0.319067
1,1,0.535134,0,0.464866
1,1,0.515411,0,0.484589
1,0,0.514440,1,0.485560
1,0,0.518175,1,0.481825
1,0,1.000000,1,0.000000
1,1,0.540001,0,0.459999
1,1,0.505979,0,0.494021
1,1,0.511345,0,0.488655
1,1,0.541108,0,0.458892
1,1,0.516119,0,0.483881
1,1,0.516126,0,0.483874
1,1,0.518321,0,0.481679
1,1,0.532618,0,0.467382
1,1,0.530292,0,0.469708
1,1,0.843322,0,0.156678
1,1,0.537485,0,0.462515
1,0,1.000000,1,0.000000
1,1,0.528497,0,0.471503
1,1,0.516047,0,0.483953
1,0,0.509300,1,0.490700
1,1,0.536808,0,0.463192
1,0,0.554256,1,0.445744
1,0,1.000000,1,0.000000
1,1,0.669633,0,0.330367
1,1,0.525349,0,0.474651
1,1,0.523888,0,0.476112
1,1,0.529581,0,0.470419
1,1,0.516603,0,0.483397
1,1,0.536808,0,0.463192
1,1,0.512969,0,0.487031
1,1,0.527408,0,0.472592
1,1,0.500092,0,0.499908
1,0,1.000000,1,0.000000
1,1,0.502536,0,0.497464
1,1,0.500309,0,0.499691
1,1,0.536808,0,0.463192
1,1,0.518277,0,0.481723
1,0,1.000000,1,0.000000
1,0,1.000000,1,0.000000
1,1,0.512986,0,0.487014
1,0,0.622929,1,0.377071
1,1,0.515411,0,0.484589
1,1,0.529263,0,0.470737
1,0,0.503924,1,0.496076
1,0,0.518325,1,0.481675
1,0,0.508779,1,0.491221
1,0,0.504785,1,0.495215
1,0,0.508912,1,0.491088
1,1,0.518276,0,0.481724
1,0,0.503381,1,0.496619
1,1,0.669633,0,0.330367
1,1,0.559566,0,0.440434
1,1,0.539892,0,0.460108
1,1,0.504126,0,0.495874
1,1,0.540475,0,0.459525
1,0,0.531522,1,0.468478
1,1,0.531366,0,0.468634
1,1,0.504116,0,0.495884
1,1,0.524956,0,0.475044
1,0,0.541427,1,0.458573
1,1,0.568004,0,0.431996
1,0,0.553959,1,0.446041
1,1,0.505035,0,0.494965
1,1,0.512158,0,0.487842
1,1,0.568544,0,0.431456
1,1,0.510153,0,0.489847
1,1,0.503844,0,0.496156
1,0,0.500592,1,0.499408
1,1,0.538064,0,0.461936
1,0,0.584648,1,0.415352
1,1,0.513836,0,0.486164
1,1,0.512969,0,0.487031
1,1,0.503893,0,0.496107
1,1,0.550305,0,0.449695
1,1,0.530452,0,0.469548
1,0,0.574194,1,0.425806
1,0,0.517916,1,0.482084
1,1,0.521103,0,0.478897
1,0,1.000000,1,0.000000
1,0,0.542085,1,0.457915
1,1,0.513523,0,0.486477
1,1,0.524385,0,0.475615
1,0,0.531956,1,0.468044
1,0,0.513598,1,0.486402
1,0,1.000000,1,0.000000
1,1,0.517195,0,0.482805
1,0,0.508939,1,0.491061
1,0,0.505812,1,0.494188
1,1,0.669633,0,0.330367
1,1,0.669844,0,0.330156
1,1,0.529581,0,0.470419
1,1,0.516229,0,0.483771
1,0,0.554256,1,0.445744
1,1,0.517459,0,0.482541
1,0,0.542945,1,0.457055
1,1,0.503244,0,0.496756
1,1,0.520591,0,0.479409
1,0,0.543032,1,0.456968
1,1,0.530286,0,0.469714
1,1,0.510799,0,0.489201
1,1,0.533473,0,0.466527
1,1,0.500241,0,0.499759
1,0,0.517904,1,0.482096
1,1,0.507887,0,0.492113
1,1,0.516306,0,0.483694
1,1,0.507887,0,0.492113
1,0,0.503075,1,0.496925
1,0,0.543252,1,0.456748
1,1,0.504082,0,0.495918
1,0,0.503577,1,0.496423
1,1,0.503998,0,0.496002
1,1,0.528548,0,0.471452
1,1,0.514850,0,0.485150
1,0,1.000000,1,0.000000
1,1,0.500092,0,0.499908
1,1,0.507325,0,0.492675
1,0,0.508273,1,0.491727
1,0,0.529184,1,0.470816
1,1,0.504905,0,0.495095
1,1,0.550780,0,0.449220
1,1,0.512969,0,0.487031
1,1,0.589216,0,0.410784
1,1,0.559699,0,0.440301
1,0,0.504101,1,0.495899
1,1,0.526969,0,0.473031
1,1,0.510799,0,0.489201
1,1,0.510799,0,0.489201
1,1,0.564936,0,0.435064
1,1,0.516911,0,0.483089
1,1,0.504126,0,0.495874
1,1,0.514823,0,0.485177
1,0,0.584648,1,0.415352
1,1,0.521242,0,0.478758
1,1,0.549362,0,0.450638
1,1,0.531179,0,0.468821
1,0,1.000000,1,0.000000
1,0,0.510640,1,0.489360
1,0,1.000000,1,0.000000
1,1,0.502336,0,0.497664
1,1,0.542630,0,0.457370
1,1,0.524510,0,0.475490
1,1,0.563722,0,0.436278
1,0,1.000000,1,0.000000
1,0,0.506991,1,0.493009
1,1,0.503998,0,0.496002
1,1,0.527449,0,0.472551
1,1,0.526170,0,0.473830
1,0,1.000000,1,0.000000
1,0,0.577916,1,0.422084
1,1,0.508602,0,0.491398
1,0,0.500098,1,0.499902
1,1,0.515411,0,0.484589
1,1,0.530678,0,0.469322
1,1,0.525511,0,0.474489
1,1,0.513397,0,0.486603
1,1,0.513307,0,0.486693
1,1,0.504270,0,0.495730
1,1,0.524510,0,0.475490
1,0,0.502258,1,0.497742
1,0,1.000000,1,0.000000
1,1,0.549420,0,0.450580
1,1,0.550058,0,0.449942
1,1,0.503844,0,0.496156
1,0,0.502148,1,0.497852
1,1,0.507887,0,0.492113
1,1,0.529581,0,0.470419
1,1,0.500068,0,0.499932
1,0,0.582408,1,0.417592
1,1,0.654441,0,0.345559
1,1,0.533070,0,0.466930
1,0,0.550856,1,0.449144
1,0,0.551579,1,0.448421
1,0,0.726199,1,0.273801
1,1,0.600543,0,0.399457
1,1,0.559699,0,0.440301
1,1,0.520152,0,0.479848
1,1,0.542619,0,0.457381
1,0,1.000000,1,0.000000
1,1,0.517156,0,0.482844
1,1,0.578620,0,0.421380
1,0,0.535136,1,0.464864
1,0,0.510307,1,0.489693
1,0,0.506422,1,0.493578
1,1,0.631055,0,0.368945
1,1,0.512969,0,0.487031
1,1,0.526920,0,0.473080
1,1,0.568544,0,0.431456
1,0,1.000000,1,0.000000
1,0,0.506827,1,0.493173
1,1,0.520591,0,0.479409
1,1,0.669633,0,0.330367
1,1,0.575701,0,0.424299
1,1,0.508602,0,0.491398
1,0,1.000000,1,0.000000
1,1,0.540001,0,0.459999
1,1,0.516856,0,0.483144
1,1,0.515955,0,0.484045
1,1,0.501930,0,0.498070
1,0,1.000000,1,0.000000
1,0,1.000000,1,0.000000
1,1,0.516264,0,0.483736
1,0,0.514569,1,0.485431
1,1,0.663675,0,0.336325
1,1,0.558931,0,0.441069
1,0,0.506784,1,0.493216
1,0,1.000000,1,0.000000
1,1,0.517960,0,0.482040
1,1,0.500141,0,0.499859
1,1,0.589216,0,0.410784
1,1,0.666767,0,0.333233
1,0,0.571124,1,0.428876
1,0,0.582408,1,0.417592
1,0,0.604279,1,0.395721
1,1,0.546637,0,0.453363
1,0,0.726199,1,0.273801
1,0,0.516478,1,0.483522
1,1,0.503434,0,0.496566
1,1,0.544748,0,0.455252
1,1,0.515411,0,0.484589
1,0,0.501355,1,0.498645
1,1,0.601425,0,0.398575
1,0,1.000000,1,0.000000
1,1,0.564936,0,0.435064
1,0,0.501105,1,0.498895
1,0,0.503368,1,0.496632
1,1,0.519436,0,0.480564
1,1,0.538175,0,0.461825
1,1,0.572387,0,0.427613
1,0,1.000000,1,0.000000
1,1,0.520152,0,0.479848
1,1,0.507867,0,0.492133
1,1,0.508665,0,0.491335
1,1,0.524510,0,0.475490
1,1,0.560270,0,0.439730
1,1,0.501856,0,0.498144
1,1,0.558931,0,0.441069
1,1,0.543342,0,0.456658
1,1,0.530727,0,0.469273
1,0,0.506242,1,0.493758
1,0,0.554256,1,0.445744
1,1,0.510153,0,0.489847
1,1,0.514072,0,0.485928
1,1,0.505979,0,0.494021
1,1,0.515411,0,0.484589
1,1,0.843322,0,0.156678
1,0,0.503381,1,0.496619
1,0,0.524007,1,0.475993
1,1,0.547062,0,0.452938
1,0,0.557292,1,0.442708
1,1,0.505529,0,0.494471
1,0,0.565873,1,0.434127
1,1,0.518210,0,0.481790
1,1,0.503026,0,0.496974
1,1,0.669633,0,0.330367
1,1,0.589495,0,0.410505
1,0,0.510987,1,0.489013
1,0,1.000000,1,0.000000
1,1,0.539212,0,0.460788
1,0,0.508244,1,0.491756
1,1,0.512031,0,0.487969
1,0,0.509897,1,0.490103
1,1,0.508069,0,0.491931
1,1,0.528649,0,0.471351
1,1,0.554115,0,0.445885
1,1,0.505834,0,0.494166
1,0,0.554256,1,0.445744
1,0,0.565518,1,0.434482
1,1,0.515411,0,0.484589
1,0,0.504235,1,0.495765
1,0,0.544723,1,0.455277
1,1,0.544633,0,0.455367
1,1,0.506849,0,0.493151
1,0,0.533617,1,0.466383
1,0,0.501567,1,0.498433
1,1,0.767096,0,0.232904
1,0,1.000000,1,0.000000
1,0,0.501809,1,0.498191
1,1,0.508245,0,0.491755
1,1,0.522748,0,0.477252
1,0,1.000000,1,0.000000
1,0,1.000000,1,0.000000
1,1,0.508149,0,0.491851
1,1,0.536808,0,0.463192
1,1,0.533030,0,0.466970
1,1,0.508665,0,0.491335
1,1,0.554728,0,0.445272
1,1,0.516856,0,0.483144
1,0,0.503381,1,0.496619
1,1,0.580262,0,0.419738
1,1,0.542569,0,0.457431
1,1,0.530286,0,0.469714
1,1,0.529680,0,0.470320
1,1,0.504889,0,0.495111
1,1,0.541108,0,0.458892
1,1,0.508905,0,0.491095
1,0,0.526906,1,0.473094
1,1,0.529860,0,0.470140
1,1,0.504905,0,0.495095
1,0,1.000000,1,0.000000
1,1,0.500309,0,0.499691
1,1,0.520185,0,0.479815
1,0,0.501678,1,0.498322
1,0,0.506086,1,0.493914
1,1,0.556419,0,0.443581
1,1,0.522472,0,0.477528
1,0,0.545063,1,0.454937
1,0,0.500233,1,0.499767
1,0,1.000000,1,0.000000
1,0,0.506194,1,0.493806
1,1,0.512724,0,0.487276
1,1,0.559699,0,0.440301
1,1,0.519012,0,0.480988
1,1,0.582730,0,0.417270
1,1,0.503998,0,0.496002
1,1,0.511399,0,0.488601
1,1,0.554115,0,0.445885
1,1,0.518479,0,0.481521
1,1,0.524956,0,0.475044
1,1,0.523702,0,0.476298
1,0,0.505356,1,0.494644
1,1,0.512969,0,0.487031
1,1,0.509715,0,0.490285
1,0,0.511584,1,0.488416
1,0,1.000000,1,0.000000
1,1,0.512263,0,0.487737
1,1,0.503998,0,0.496002
1,1,0.505890,0,0.494110
1,0,0.512901,1,0.487099
1,0,0.726199,1,0.273801
1,0,0.513955,1,0.486045
1,1,0.516126,0,0.483874
1,0,1.000000,1,0.000000
1,0,1.000000,1,0.000000
1,0,0.500472,1,0.499528
1,0,0.585581,1,0.414419
1,1,0.504905,0,0.495095
1,0,1.000000,1,0.000000
1,1,0.578620,0,0.421380
1,0,0.508097,1,0.491903
1,1,0.501781,0,0.498219
1,1,0.517459,0,0.482541
1,1,0.711870,0,0.288130
1,1,0.530452,0,0.469548
1,1,0.507340,0,0.492660
1,1,0.508665,0,0.491335
1,1,0.557702,0,0.442298
1,1,0.529985,0,0.470015
1,1,0.508843,0,0.491157
1,0,0.514544,1,0.485456
1,1,0.536808,0,0.463192
1,1,0.518269,0,0.481731
1,1,0.523496,0,0.476504
1,1,0.548977,0,0.451023
1,1,0.544748,0,0.455252
1,0,0.500233,1,0.499767
1,1,0.516126,0,0.483874
1,1,0.509179,0,0.490821
1,0,1.000000,1,0.000000
1,0,0.500998,1,0.499002
1,1,0.554728,0,0.445272
1,1,0.517459,0,0.482541
1,0,1.000000,1,0.000000
1,1,0.515320,0,0.484680
1,0,0.502938,1,0.497062
1,1,0.519212,0,0.480788
1,1,0.515906,0,0.484094
1,1,0.654441,0,0.345559
1,0,1.000000,1,0.000000
1,1,0.538336,0,0.461664
1,1,0.553275,0,0.446725
1,1,0.509466,0,0.490534
1,1,0.578620,0,0.421380
1,1,0.536808,0,0.463192
1,1,0.520391,0,0.479609
1,1,0.504171,0,0.495829
1,1,0.514055,0,0.485945
1,1,0.843322,0,0.156678
1,0,0.504276,1,0.495724
1,1,0.517403,0,0.482597
1,1,0.843322,0,0.156678
1,1,0.500750,0,0.499250
1,1,0.516856,0,0.483144
1,1,0.535777,0,0.464223
1,1,0.515411,0,0.484589
1,1,0.502158,0,0.497842
1,1,0.543568,0,0.456432
1,1,0.504109,0,0.495891
1,1,0.520215,0,0.479785
1,1,0.515411,0,0.484589
1,1,0.523396,0,0.476604
1,0,0.527531,1,0.472469
1,1,0.506958,0,0.493042
1,1,0.603594,0,0.396406
1,1,0.509057,0,0.490943
1,1,0.508602,0,0.491398
1,1,0.506104,0,0.493896
1,0,0.522176,1,0.477824
1,1,0.509326,0,0.490674
1,0,0.588977,1,0.411023
1,0,1.000000,1,0.000000
1,1,0.507887,0,0.492113
1,1,0.522113,0,0.477887
1,1,0.534403,0,0.465597
1,1,0.517784,0,0.482216
1,1,0.565752,0,0.434248
1,1,0.559699,0,0.440301
1,1,0.500744,0,0.499256
1,0,0.513192,1,0.486808
1,1,0.511422,0,0.488578
1,1,0.542569,0,0.457431
1,1,0.601425,0,0.398575
1,1,0.529581,0,0.470419
1,1,0.530452,0,0.469548
1,1,0.542569,0,0.457431
1,1,0.502112,0,0.497888
1,1,0.634989,0,0.365011
1,0,0.522176,1,0.477824
1,1,0.500744,0,0.499256
1,1,0.557702,0,0.442298
1,0,0.506991,1,0.493009
1,1,0.531402,0,0.468598
1,1,0.520045,0,0.479955
1,0,0.545510,1,0.454490
1,1,0.508602,0,0.491398
1,0,0.510307,1,0.489693
1,0,0.617619,1,0.382381
1,1,0.517713,0,0.482287
1,0,1.000000,1,0.000000
1,1,0.515411,0,0.484589
1,1,0.515411,0,0.484589
1,0,0.506602,1,0.493398
1,0,1.000000,1,0.000000
1,1,0.531366,0,0.468634
1,1,0.511140,0,0.488860
1,1,0.515411,0,0.484589
1,0,1.000000,1,0.000000
1,0,0.509862,1,0.490138
1,1,0.517459,0,0.482541
1,1,0.516270,0,0.483730
1,0,0.544442,1,0.455558
1,1,0.520591,0,0.479409
1,1,0.516603,0,0.483397
1,1,0.507425,0,0.492575
1,1,0.504805,0,0.495195
1,1,0.557482,0,0.442518
1,0,0.522176,1,0.477824
1,0,0.512994,1,0.487006
1,1,0.506294,0,0.493706
1,1,0.510438,0,0.489562
1,0,0.500472,1,0.499528
1,0,0.507263,1,0.492737
1,0,0.544723,1,0.455277
1,1,0.512969,0,0.487031
1,0,0.501809,1,0.498191
1,1,0.505372,0,0.494628
1,0,1.000000,1,0.000000
1,1,0.501138,0,0.498862
1,1,0.517459,0,0.482541
1,0,0.543032,1,0.456968
1,1,0.654441,0,0.345559
1,0,0.549139,1,0.450861
1,1,0.515411,0,0.484589
1,1,0.504126,0,0.495874
1,1,0.544586,0,0.455414
1,0,1.000000,1,0.000000
1,1,0.515259,0,0.484741
1,1,0.512969,0,0.487031
1,0,0.726199,1,0.273801
1,0,0.514175,1,0.485825
1,0,0.554256,1,0.445744
1,1,0.517784,0,0.482216
1,1,0.506623,0,0.493377
1,1,0.515411,0,0.484589
1,1,0.516603,0,0.483397
1,1,0.515320,0,0.484680
1,1,0.507425,0,0.492575
1,0,1.000000,1,0.000000
1,1,0.504930,0,0.495070
1,0,0.581092,1,0.418908
1,0,0.555273,1,0.444727
1,1,0.507899,0,0.492101
1,1,0.513307,0,0.486693
1,0,1.000000,1,0.000000
1,1,0.520755,0,0.479245
1,1,0.517784,0,0.482216
1,0,0.511946,1,0.488054
1,1,0.531475,0,0.468525
1,0,0.536288,1,0.463712
1,1,0.538887,0,0.461113
1,0,0.526436,1,0.473564
1,1,0.514801,0,0.485199
1,1,0.506444,0,0.493556
1,0,0.503842,1,0.496158
1,1,0.567040,0,0.432960
1,0,1.000000,1,0.000000
1,1,0.505902,0,0.494098
1,1,0.556183,0,0.443817
1,1,0.627468,0,0.372532
1,1,0.508162,0,0.491838
1,1,0.508602,0,0.491398
1,0,0.555690,1,0.444310
1,1,0.522746,0,0.477254
1,1,0.524510,0,0.475490
1,1,0.534265,0,0.465735
1,0,0.984596,1,0.015404
1,0,0.541856,1,0.458144
1,1,0.518556,0,0.481444
1,0,0.502836,1,0.497164
1,0,0.523355,1,0.476645
1,1,0.511006,0,0.488994
1,1,0.634989,0,0.365011
1,1,0.501930,0,0.498070
1,0,0.509300,1,0.490700
1,0,0.510307,1,0.489693
1,0,0.555913,1,0.444087
1,0,0.526013,1,0.473987
1,1,0.557091,0,0.442909
1,1,0.504126,0,0.495874
1,1,0.553524,0,0.446476
1,1,0.512126,0,0.487874
1,0,0.506359,1,0.493641
1,1,0.540548,0,0.459452
1,1,0.544633,0,0.455367
1,1,0.508602,0,0.491398
1,0,0.555683,1,0.444317
1,1,0.530452,0,0.469548
1,0,0.536836,1,0.463164
1,1,0.501955,0,0.498045
1,1,0.540475,0,0.459525
1,1,0.523116,0,0.476884
1,1,0.507899,0,0.492101
1,1,0.526657,0,0.473343
1,0,0.505542,1,0.494458
1,1,0.511183,0,0.488817
1,1,0.508017,0,0.491983
1,1,0.527743,0,0.472257
1,1,0.669633,0,0.330367
1,0,0.545814,1,0.454186
1,1,0.508047,0,0.491953
1,0,0.506991,1,0.493009
1,0,0.531522,1,0.468478
1,0,0.526906,1,0.473094
1,1,0.513766,0,0.486234
1,1,0.533091,0,0.466909
1,1,0.504905,0,0.495095
1,1,0.520045,0,0.479955
1,1,0.518210,0,0.481790
1,1,0.507899,0,0.492101
1,1,0.517960,0,0.482040
1,1,0.555493,0,0.444507
1,0,0.572184,1,0.427816
1,0,0.509300,1,0.490700
1,1,0.515039,0,0.484961
1,0,0.517800,1,0.482200
1,0,0.519801,1,0.480199
1,1,0.517418,0,0.482582
1,0,1.000000,1,0.000000
1,0,0.561966,1,0.438034
1,1,0.538064,0,0.461936
1,0,0.514976,1,0.485024
1,1,0.515411,0,0.484589
1,1,0.532618,0,0.467382
1,0,0.505542,1,0.494458
1,1,0.519703,0,0.480297
1,1,0.522519,0,0.477481
1,1,0.522519,0,0.477481
1,1,0.600543,0,0.399457
1,1,0.558457,0,0.441543
1,1,0.536258,0,0.463742
1,1,0.530452,0,0.469548
1,1,0.505649,0,0.494351
1,0,0.514569,1,0.485431
1,0,0.504704,1,0.495296
1,0,0.516853,1,0.483147
1,0,1.000000,1,0.000000
1,1,0.508047,0,0.491953
1,1,0.534612,0,0.465388
1,1,0.535695,0,0.464305
1,0,0.531956,1,0.468044
1,1,0.500826,0,0.499174
1,1,0.507887,0,0.492113
1,0,0.513192,1,0.486808
1,1,0.538175,0,0.461825
1,1,0.503401,0,0.496599
1,1,0.511140,0,0.488860
1,1,0.634989,0,0.365011
1,1,0.524510,0,0.475490
1,1,0.510544,0,0.489456
1,0,0.726199,1,0.273801
1,0,0.531522,1,0.468478
1,1,0.520755,0,0.479245
1,1,0.527743,0,0.472257
1,1,0.525340,0,0.474660
1,0,0.513118,1,0.486882
1,0,0.505923,1,0.494077
1,0,0.509300,1,0.490700
1,1,0.525472,0,0.474528
1,1,0.520930,0,0.479070
1,0,0.506242,1,0.493758
1,1,0.510799,0,0.489201
1,1,0.528870,0,0.471130
1,0,0.596773,1,0.403227
1,1,0.512118,0,0.487882
1,1,0.515411,0,0.484589
1,0,0.553959,1,0.446041
1,1,0.578620,0,0.421380
1,0,1.000000,1,0.000000
1,0,0.535136,1,0.464864
1,0,1.000000,1,0.000000
1,1,0.513148,0,0.486852
1,0,1.000000,1,0.000000
1,1,0.510799,0,0.489201
1,1,0.631055,0,0.368945
1,0,0.515089,1,0.484911
1,1,0.517934,0,0.482066
0,0,0.502442,1,0.497558
0,0,0.501405,1,0.498595
0,0,1.000000,1,0.000000
0,0,0.555273,1,0.444727
0,1,0.505649,0,0.494351
0,1,0.507539,0,0.492461
0,0,1.000000,1,0.000000
0,0,0.518429,1,0.481571
0,1,0.522358,0,0.477642
0,1,0.516856,0,0.483144
0,1,0.669633,0,0.330367
0,1,0.508861,0,0.491139
0,0,0.509372,1,0.490628
0,1,0.503844,0,0.496156
0,0,0.644672,1,0.355328
0,0,1.000000,1,0.000000
0,0,1.000000,1,0.000000
0,0,0.514153,1,0.485847
0,0,0.595659,1,0.404341
0,0,0.506784,1,0.493216
0,1,0.523514,0,0.476486
0,0,0.596768,1,0.403232
0,0,0.567017,1,0.432983
0,0,0.564623,1,0.435377
0,0,0.764740,1,0.235260
0,0,1.000000,1,0.000000
0,0,1.000000,1,0.000000
0,0,0.508447,1,0.491553
0,1,0.506294,0,0.493706
0,0,0.726199,1,0.273801
0,1,0.669633,0,0.330367
0,0,0.535136,1,0.464864
0,0,0.501249,1,0.498751
0,1,0.502964,0,0.497036
0,1,0.503520,0,0.496480
0,0,0.753506,1,0.246494
0,0,1.000000,1,0.000000
0,1,0.547062,0,0.452938
0,0,1.000000,1,0.000000
0,0,0.535482,1,0.464518
0,0,0.582408,1,0.417592
0,1,0.517459,0,0.482541
0,0,0.526847,1,0.473153
0,1,0.516159,0,0.483841
0,0,0.559325,1,0.440675
0,1,0.501138,0,0.498862
0,0,0.623293,1,0.376707
0,0,1.000000,1,0.000000
0,0,0.514961,1,0.485039
0,1,0.535856,0,0.464144
0,0,0.726199,1,0.273801
0,0,0.508115,1,0.491885
0,0,0.582408,1,0.417592
0,0,0.537105,1,0.462895
0,0,1.000000,1,0.000000
0,0,0.535136,1,0.464864
0,1,0.533070,0,0.466930
0,1,0.562090,0,0.437910
0,1,0.505890,0,0.494110
0,0,0.525328,1,0.474672
0,0,0.501405,1,0.498595
0,0,1.000000,1,0.000000
0,0,1.000000,1,0.000000
0,1,0.506954,0,0.493046
0,1,0.506623,0,0.493377
0,0,0.582408,1,0.417592
0,0,0.517733,1,0.482267
0,0,0.637694,1,0.362306
0,0,0.726199,1,0.273801
0,0,0.549537,1,0.450463
0,1,0.627468,0,0.372532
0,0,0.585792,1,0.414208
0,1,0.501138,0,0.498862
0,0,0.547121,1,0.452879
0,0,0.522995,1,0.477005
0,0,0.503286,1,0.496714
0,0,0.584648,1,0.415352
0,0,1.000000,1,0.000000
0,0,0.632739,1,0.367261
0,0,0.526720,1,0.473280
0,0,0.536249,1,0.463751
0,0,0.517904,1,0.482096
0,0,0.507233,1,0.492767
0,1,0.669633,0,0.330367
0,0,1.000000,1,0.000000
0,0,0.585581,1,0.414419
0,0,0.506061,1,0.493939
0,0,0.544230,1,0.455770
0,0,0.522965,1,0.477035
0,1,0.508602,0,0.491398
0,0,0.564167,1,0.435833
0,1,0.509326,0,0.490674
0,1,0.549505,0,0.450495
0,0,1.000000,1,0.000000
0,0,0.554256,1,0.445744
0,0,0.551319,1,0.448681
0,0,0.623946,1,0.376054
0,0,0.510938,1,0.489062
0,0,0.536836,1,0.463164
0,1,0.504607,0,0.495393
0,1,0.507887,0,0.492113
0,1,0.530292,0,0.469708
0,1,0.552348,0,0.447652
0,0,0.508748,1,0.491252
0,1,0.516856,0,0.483144
0,0,0.523579,1,0.476421
0,1,0.623270,0,0.376730
0,1,0.505979,0,0.494021
0,1,0.503844,0,0.496156
0,0,0.554256,1,0.445744
0,0,1.000000,1,0.000000
0,0,0.534625,1,0.465375
0,0,0.726199,1,0.273801
0,0,0.550904,1,0.449096
0,0,0.585023,1,0.414977
0,1,0.530452,0,0.469548
0,0,0.555273,1,0.444727
0,1,0.512727,0,0.487273
0,0,0.612034,1,0.387966
0,0,0.582408,1,0.417592
0,0,0.726199,1,0.273801
0,0,0.525328,1,0.474672
0,0,0.509300,1,0.490700
0,0,0.500998,1,0.499002
0,0,1.000000,1,0.000000
0,0,0.539680,1,0.460320
0,1,0.514515,0,0.485485
0,0,0.540139,1,0.459861
0,0,1.000000,1,0.000000
0,0,0.726199,1,0.273801
0,1,0.564936,0,0.435064
0,1,0.669633,0,0.330367
0,1,0.509337,0,0.490663
0,0,0.680933,1,0.319067
0,0,0.596773,1,0.403227
0,0,0.585581,1,0.414419
0,1,0.549420,0,0.450580
0,1,0.566040,0,0.433960
0,0,0.631553,1,0.368447
0,1,0.548677,0,0.451323
0,0,0.549121,1,0.450879
0,0,0.512568,1,0.487432
0,0,1.000000,1,0.000000
0,1,0.525421,0,0.474579
0,0,0.541427,1,0.458573
0,0,1.000000,1,0.000000
0,0,0.520083,1,0.479917
0,1,0.669633,0,0.330367
0,1,0.511493,0,0.488507
0,0,0.764740,1,0.235260
0,1,0.524031,0,0.475969
0,0,0.526271,1,0.473729
0,0,0.518463,1,0.481537
0,1,0.504116,0,0.495884
0,0,1.000000,1,0.000000
0,0,0.536836,1,0.463164
0,1,0.521556,0,0.478444
0,1,0.517459,0,0.482541
0,0,0.517216,1,0.482784
0,0,0.581498,1,0.418502
0,1,0.544043,0,0.455957
0,0,0.592806,1,0.407194
0,0,0.505923,1,0.494077
0,0,0.517687,1,0.482313
0,0,0.502284,1,0.497716
0,1,0.508233,0,0.491767
0,0,0.548965,1,0.451035
0,1,0.513307,0,0.486693
0,1,0.544633,0,0.455367
0,1,0.536808,0,0.463192
0,0,0.650416,1,0.349584
0,0,0.726199,1,0.273801
0,0,1.000000,1,0.000000
0,1,0.503998,0,0.496002
0,0,0.527975,1,0.472025
0,0,0.533098,1,0.466902
0,0,0.584648,1,0.415352
0,1,0.504292,0,0.495708
0,1,0.518378,0,0.481622
0,0,0.582408,1,0.417592
0,0,0.726199,1,0.273801
0,1,0.516229,0,0.483771
0,0,0.643530,1,0.356470
0,1,0.843322,0,0.156678
0,0,0.512204,1,0.487796
0,1,0.669633,0,0.330367
0,0,0.571731,1,0.428269
0,0,1.000000,1,0.000000
0,0,0.503595,1,0.496405
0,0,0.522176,1,0.477824
0,0,0.530586,1,0.469414
0,0,1.000000,1,0.000000
0,1,0.542569,0,0.457431
0,0,0.546154,1,0.453846
0,0,0.726199,1,0.273801
0,1,0.502365,0,0.497635
0,1,0.500092,0,0.499908
0,0,0.571846,1,0.428154
0,1,0.508680,0,0.491320
0,0,0.571846,1,0.428154
0,0,0.582408,1,0.417592
0,0,1.000000,1,0.000000
0,1,0.512118,0,0.487882
0,1,0.517960,0,0.482040
0,0,0.531522,1,0.468478
0,0,0.772518,1,0.227482
0,1,0.517432,0,0.482568
0,0,0.532233,1,0.467767
0,1,0.500570,0,0.499430
0,1,0.506623,0,0.493377
0,0,0.508017,1,0.491983
0,0,0.506991,1,0.493009
0,1,0.523065,0,0.476935
0,1,0.546897,0,0.453103
0,1,0.542569,0,0.457431
0,0,0.609796,1,0.390204
0,0,0.554256,1,0.445744
0,0,1.000000,1,0.000000
0,0,1.000000,1,0.000000
0,1,0.843322,0,0.156678
0,0,0.526835,1,0.473165
0,1,0.539193,0,0.460807
0,0,0.541856,1,0.458144
0,1,0.601425,0,0.398575
0,1,0.599300,0,0.400700
0,0,0.501809,1,0.498191
0,0,0.526013,1,0.473987
0,0,0.539468,1,0.460532
0,0,1.000000,1,0.000000
0,0,0.508168,1,0.491832
0,1,0.669633,0,0.330367
0,0,1.000000,1,0.000000
0,0,0.544618,1,0.455382
0,0,0.577138,1,0.422862
0,1,0.509519,0,0.490481
0,0,0.726199,1,0.273801
0,1,0.514459,0,0.485541
0,0,0.509536,1,0.490464
0,0,1.000000,1,0.000000
0,1,0.534403,0,0.465597
0,1,0.507793,0,0.492207
0,0,0.726199,1,0.273801
0,0,0.582408,1,0.417592
0,0,0.505541,1,0.494459
0,1,0.505302,0,0.494698
0,0,0.512026,1,0.487974
0,1,0.522183,0,0.477817
0,0,0.510520,1,0.489480
0,0,1.000000,1,0.000000
0,1,0.540475,0,0.459525
0,0,0.526835,1,0.473165
0,0,0.522864,1,0.477136
0,0,0.585581,1,0.414419
0,1,0.520195,0,0.479805
0,0,0.609607,1,0.390393
0,1,0.517885,0,0.482115
0,0,0.563685,1,0.436315
0,0,0.502745,1,0.497255
0,1,0.522323,0,0.477677
0,1,0.541516,0,0.458484
0,0,1.000000,1,0.000000
0,1,0.500155,0,0.499845
0,0,0.516432,1,0.483568
0,0,0.519472,1,0.480528
0,0,0.516339,1,0.483661
0,0,0.523101,1,0.476899
0,0,0.506359,1,0.493641
0,1,0.501042,0,0.498958
0,0,0.622929,1,0.377071
0,0,0.548796,1,0.451204
0,1,0.627468,0,0.372532
0,0,0.660605,1,0.339395
0,0,0.535136,1,0.464864
0,0,1.000000,1,0.000000
0,0,0.517875,1,0.482125
0,0,0.726199,1,0.273801
0,0,0.533697,1,0.466303
0,1,0.669633,0,0.330367
0,1,0.767096,0,0.232904
0,0,0.518048,1,0.481952
0,0,0.554256,1,0.445744
0,1,0.537671,0,0.462329
0,0,1.000000,1,0.000000
0,1,0.530286,0,0.469714
0,0,0.517820,1,0.482180
0,1,0.519212,0,0.480788
0,1,0.843322,0,0.156678
0,0,0.584648,1,0.415352
0,0,0.549537,1,0.450463
0,1,0.505109,0,0.494891
0,0,0.511418,1,0.488582
0,0,0.534202,1,0.465798
0,0,1.000000,1,0.000000
0,0,1.000000,1,0.000000
0,0,0.505541,1,0.494459
0,0,1.000000,1,0.000000
0,0,0.516108,1,0.483892
0,0,0.514668,1,0.485332
0,0,0.520220,1,0.479780
0,1,0.514129,0,0.485871
0,1,0.504082,0,0.495918
0,0,0.680933,1,0.319067
0,0,0.506981,1,0.493019
0,0,1.000000,1,0.000000
0,0,0.726199,1,0.273801
0,0,0.726199,1,0.273801
0,1,0.536808,0,0.463192
0,1,0.519682,0,0.480318
0,0,0.536836,1,0.463164
0,0,0.506087,1,0.493913
0,1,0.520591,0,0.479409
0,0,0.530279,1,0.469721
0,0,0.555273,1,0.444727
0,0,0.554256,1,0.445744
0,0,0.508041,1,0.491959
0,0,0.554256,1,0.445744
0,0,0.726199,1,0.273801
0,0,0.555273,1,0.444727
0,0,0.726199,1,0.273801
0,0,0.530181,1,0.469819
0,1,0.559566,0,0.440434
0,0,0.513854,1,0.486146
0,0,0.524057,1,0.475943
0,0,1.000000,1,0.000000
0,0,0.535527,1,0.464473
0,0,0.547116,1,0.452884
0,0,0.535136,1,0.464864
0,1,0.514515,0,0.485485
0,1,0.518378,0,0.481622
0,0,0.571708,1,0.428292
0,1,0.767096,0,0.232904
0,0,1.000000,1,0.000000
0,0,0.501321,1,0.498679
0,0,0.537951,1,0.462049
0,1,0.506058,0,0.493942
0,0,0.582408,1,0.417592
0,0,1.000000,1,0.000000
0,0,0.510436,1,0.489564
0,0,0.501405,1,0.498595
0,0,0.509536,1,0.490464
0,0,0.548965,1,0.451035
0,1,0.510149,0,0.489851
0,0,0.558665,1,0.441335
0,0,0.545917,1,0.454083
0,0,0.543106,1,0.456894
0,0,0.507244,1,0.492756
0,0,0.520659,1,0.479341
0,0,0.545814,1,0.454186
0,0,0.542085,1,0.457915
0,1,0.536808,0,0.463192
0,1,0.507510,0,0.492490
0,0,0.522176,1,0.477824
0,1,0.546597,0,0.453403
0,1,0.516856,0,0.483144
0,1,0.510080,0,0.489920
0,1,0.503184,0,0.496816
0,1,0.536808,0,0.463192
0,0,0.552249,1,0.447751
0,0,0.590410,1,0.409590
0,1,0.542569,0,0.457431
0,0,0.506359,1,0.493641
0,1,0.767096,0,0.232904
0,1,0.501228,0,0.498772
0,1,0.517526,0,0.482474
0,1,0.503475,0,0.496525
0,1,0.522519,0,0.477481
0,1,0.562295,0,0.437705
0,0,0.560451,1,0.439549
0,1,0.515077,0,0.484923
0,0,0.520091,1,0.479909
0,0,0.546154,1,0.453846
0,0,0.509543,1,0.490457
0,1,0.513935,0,0.486065
0,0,0.511382,1,0.488618
0,0,0.588977,1,0.411023
0,0,0.506497,1,0.493503
0,0,0.502495,1,0.497505
0,0,0.504513,1,0.495487
0,1,0.536808,0,0.463192
0,0,0.726199,1,0.273801
0,1,0.516229,0,0.483771
0,1,0.524162,0,0.475838
0,1,0.503998,0,0.496002
0,0,0.547760,1,0.452240
0,0,0.510263,1,0.489737
0,0,0.726199,1,0.273801
0,1,0.510597,0,0.489403
0,1,0.843322,0,0.156678
0,0,0.500998,1,0.499002
0,0,0.542085,1,0.457915
0,0,1.000000,1,0.000000
0,0,0.528710,1,0.471290
0,1,0.501852,0,0.498148
0,1,0.516229,0,0.483771
0,0,1.000000,1,0.000000
0,0,0.503224,1,0.496776
0,1,0.513307,0,0.486693
0,1,0.501567,0,0.498433
0,1,0.502674,0,0.497326
0,0,0.557154,1,0.442846
0,0,1.000000,1,0.000000
0,0,0.526504,1,0.473496
0,0,0.549537,1,0.450463
0,1,0.504171,0,0.495829
0,0,0.544230,1,0.455770
0,1,0.546897,0,0.453103
0,0,0.609796,1,0.390204
0,1,0.516911,0,0.483089
0,0,0.554256,1,0.445744
0,0,0.582408,1,0.417592
0,0,0.507720,1,0.492280
0,0,0.550681,1,0.449319
0,0,0.572056,1,0.427944
0,0,0.514332,1,0.485668
0,1,0.520067,0,0.479933
0,0,0.596773,1,0.403227
0,0,0.588977,1,0.411023
0,1,0.669633,0,0.330367
0,0,0.563685,1,0.436315
0,1,0.559566,0,0.440434
0,1,0.504805,0,0.495195
0,1,0.578620,0,0.421380
0,1,0.518030,0,0.481970
0,0,0.507000,1,0.493000
0,1,0.512478,0,0.487522
0,1,0.511113,0,0.488887
0,1,0.543673,0,0.456327
0,1,0.519286,0,0.480714
0,0,0.984596,1,0.015404
0,0,1.000000,1,0.000000
0,0,0.516853,1,0.483147
0,0,0.508912,1,0.491088
0,0,0.540989,1,0.459011
0,1,0.767096,0,0.232904
0,1,0.582051,0,0.417949
0,0,0.503924,1,0.496076
0,0,1.000000,1,0.000000
0,0,0.526720,1,0.473280
0,0,0.504899,1,0.495101
0,0,0.615302,1,0.384698
0,0,0.617266,1,0.382734
0,1,0.501328,0,0.498672
0,0,0.726199,1,0.273801
0,1,0.524510,0,0.475490
0,0,0.505923,1,0.494077
0,1,0.533070,0,0.466930
0,0,0.535136,1,0.464864
0,1,0.523702,0,0.476298
0,1,0.532177,0,0.467823
0,1,0.540001,0,0.459999
0,0,0.617619,1,0.382381
0,0,1.000000,1,0.000000
0,0,0.555273,1,0.444727
0,0,0.554256,1,0.445744
0,0,0.546569,1,0.453431
0,1,0.503844,0,0.496156
0,0,0.575548,1,0.424452
0,0,0.512204,1,0.487796
0,0,0.582408,1,0.417592
0,0,0.509252,1,0.490748
0,0,0.726199,1,0.273801
0,1,0.526910,0,0.473090
0,1,0.530452,0,0.469548
0,1,0.508861,0,0.491139
0,0,1.000000,1,0.000000
0,0,0.508912,1,0.491088
0,1,0.501797,0,0.498203
0,0,0.558665,1,0.441335
0,0,0.590410,1,0.409590
0,0,0.521861,1,0.478139
0,0,0.500801,1,0.499199
0,0,0.534625,1,0.465375
0,0,0.753506,1,0.246494
0,1,0.538336,0,0.461664
0,1,0.515411,0,0.484589
0,1,0.505024,0,0.494976
0,0,0.582512,1,0.417488
0,0,0.554256,1,0.445744
0,1,0.544633,0,0.455367
0,0,0.726199,1,0.273801
0,1,0.517929,0,0.482071
0,1,0.522278,0,0.477722
0,0,1.000000,1,0.000000
0,0,0.546258,1,0.453742
0,0,0.582408,1,0.417592
0,0,1.000000,1,0.000000
0,0,0.563958,1,0.436042
0,0,0.519819,1,0.480181
0,1,0.542673,0,0.457327
0,0,1.000000,1,0.000000
0,0,0.515125,1,0.484875
0,1,0.527020,0,0.472980
0,1,0.523493,0,0.476507
0,1,0.542399,0,0.457601
0,0,0.524725,1,0.475275
0,1,0.520355,0,0.479645
0,0,0.566712,1,0.433288
0,0,0.525328,1,0.474672
0,0,1.000000,1,0.000000
0,1,0.500403,0,0.499597
0,0,0.585023,1,0.414977
0,0,1.000000,1,0.000000
0,1,0.641945,0,0.358055
0,0,0.500942,1,0.499058
0,0,0.726199,1,0.273801
0,0,0.582408,1,0.417592
0,0,0.556205,1,0.443795
0,0,0.522176,1,0.477824
0,0,0.503857,1,0.496143
0,1,0.517929,0,0.482071
0,1,0.754182,0,0.245818
0,0,0.509300,1,0.490700
0,1,0.536808,0,0.463192
0,1,0.521466,0,0.478534
0,1,0.518364,0,0.481636
0,1,0.505902,0,0.494098
0,0,0.581092,1,0.418908
0,1,0.507887,0,0.492113
0,0,0.507060,1,0.492940
0,0,0.576549,1,0.423451
0,0,1.000000,1,0.000000
0,0,1.000000,1,0.000000
0,1,0.521466,0,0.478534
0,0,0.595208,1,0.404792
0,1,0.500023,0,0.499977
0,0,0.514961,1,0.485039
0,0,0.523144,1,0.476856
0,1,0.506104,0,0.493896
0,0,0.564623,1,0.435377
0,1,0.500085,0,0.499915
0,0,0.726199,1,0.273801
0,0,1.000000,1,0.000000
0,1,0.601425,0,0.398575
0,1,0.503998,0,0.496002
0,0,1.000000,1,0.000000
0,1,0.508017,0,0.491983
0,0,0.582408,1,0.417592
0,0,0.524458,1,0.475542
0,0,0.595659,1,0.404341
0,0,0.547193,1,0.452807
0,0,0.588977,1,0.411023
0,0,1.000000,1,0.000000
0,1,0.513935,0,0.486065
0,0,0.518463,1,0.481537
0,0,0.511909,1,0.488091
0,1,0.549420,0,0.450580
0,0,0.572184,1,0.427816
0,0,0.595659,1,0.404341
0,1,0.530452,0,0.469548
0,1,0.540391,0,0.459609
0,0,0.511379,1,0.488621
0,1,0.515877,0,0.484123
0,0,0.522176,1,0.477824
0,0,0.510307,1,0.489693
0,0,0.555669,1,0.444331
0,1,0.525511,0,0.474489
0,1,0.537480,0,0.462520
0,1,0.501138,0,0.498862
0,0,1.000000,1,0.000000
0,0,0.551319,1,0.448681
0,0,0.726199,1,0.273801
0,0,0.522233,1,0.477767
0,0,0.726199,1,0.273801
0,0,0.520292,1,0.479708
0,0,0.586517,1,0.413483
0,0,0.554256,1,0.445744
0,0,0.541427,1,0.458573
0,1,0.517998,0,0.482002
0,0,0.562069,1,0.437931
0,1,0.500799,0,0.499201
0,1,0.509033,0,0.490967
0,0,1.000000,1,0.000000
0,1,0.513935,0,0.486065
0,0,0.541427,1,0.458573
0,0,0.562703,1,0.437297
0,0,0.530586,1,0.469414
0,0,0.529923,1,0.470077
0,1,0.510919,0,0.489081
0,0,0.508912,1,0.491088
0,1,0.515039,0,0.484961
0,1,0.518305,0,0.481695
0,0,0.500472,1,0.499528
0,0,0.550048,1,0.449952
0,0,0.764740,1,0.235260
0,0,0.501997,1,0.498003
0,0,0.548593,1,0.451407
0,0,0.561966,1,0.438034
0,1,0.504302,0,0.495698
0,0,0.507954,1,0.492046
0,0,1.000000,1,0.000000
0,0,0.553959,1,0.446041
0,1,0.516229,0,0.483771
0,1,0.505302,0,0.494698
0,0,0.644622,1,0.355378
0,0,0.517576,1,0.482424
0,1,0.510863,0,0.489137
0,1,0.501228,0,0.498772
0,0,0.536836,1,0.463164
0,0,1.000000,1,0.000000
0,0,0.510547,1,0.489453
0,0,0.502258,1,0.497742
0,0,1.000000,1,0.000000
0,0,0.567988,1,0.432012
0,1,0.505687,0,0.494313
0,0,0.623654,1,0.376346
0,0,0.618644,1,0.381356
0,0,0.530504,1,0.469496
0,0,0.544618,1,0.455382
0,0,0.726199,1,0.273801
0,0,0.552743,1,0.447257
0,1,0.505902,0,0.494098
0,0,0.546154,1,0.453846
0,0,0.500998,1,0.499002
0,1,0.536808,0,0.463192
0,0,0.612034,1,0.387966
0,0,1.000000,1,0.000000
0,1,0.507887,0,0.492113
0,1,0.507899,0,0.492101
0,0,0.535275,1,0.464725
0,1,0.517885,0,0.482115
0,0,0.509300,1,0.490700
0,1,0.533070,0,0.466930
0,0,0.501526,1,0.498474
0,0,0.582408,1,0.417592
0,0,1.000000,1,0.000000
0,0,0.534625,1,0.465375
0,0,1.000000,1,0.000000
0,0,0.559325,1,0.440675
0,0,0.509937,1,0.490063
0,1,0.538064,0,0.461936
0,0,0.555913,1,0.444087
0,0,0.506784,1,0.493216
0,0,0.657327,1,0.342673
0,0,0.563020,1,0.436980
0,0,1.000000,1,0.000000
0,1,0.533070,0,0.466930
0,0,0.501405,1,0.498595
0,0,0.536836,1,0.463164
0,0,0.650416,1,0.349584
0,0,0.549537,1,0.450463
0,0,0.512781,1,0.487219
0,0,0.501724,1,0.498276
0,0,0.539630,1,0.460370
0,0,0.635969,1,0.364031
0,0,0.588831,1,0.411169
0,0,1.000000,1,0.000000
0,1,0.517285,0,0.482715
0,1,0.565011,0,0.434989
0,0,1.000000,1,0.000000
0,0,0.501809,1,0.498191
0,1,0.507899,0,0.492101
0,0,0.509673,1,0.490327
0,1,0.511396,0,0.488604
0,0,1.000000,1,0.000000
0,1,0.509509,0,0.490491
0,0,0.555273,1,0.444727
0,0,0.501809,1,0.498191
0,0,1.000000,1,0.000000
0,1,0.554985,0,0.445015
0,0,0.585023,1,0.414977
0,0,0.582408,1,0.417592
0,0,0.584648,1,0.415352
0,1,0.532359,0,0.467641
0,1,0.547062,0,0.452938
0,0,0.503226,1,0.496774
0,0,0.582384,1,0.417616
0,1,0.513935,0,0.486065
0,1,0.540224,0,0.459776
0,1,0.585221,0,0.414779
0,1,0.508074,0,0.491926
0,0,0.545814,1,0.454186
0,1,0.536808,0,0.463192
0,0,0.555913,1,0.444087
0,0,0.582408,1,0.417592
0,0,0.590410,1,0.409590
0,1,0.519212,0,0.480788
0,1,0.548297,0,0.451703
0,0,0.726199,1,0.273801
0,0,0.509300,1,0.490700
0,0,1.000000,1,0.000000
0,0,0.512204,1,0.487796
0,0,0.582408,1,0.417592
0,0,1.000000,1,0.000000
0,1,0.525511,0,0.474489
0,0,0.515560,1,0.484440
0,0,0.510547,1,0.489453
0,1,0.510576,0,0.489424
0,0,0.523579,1,0.476421
0,1,0.504116,0,0.495884
0,0,0.519226,1,0.480774
0,0,1.000000,1,0.000000
0,1,0.503844,0,0.496156
0,1,0.507618,0,0.492382
0,1,0.517734,0,0.482266
0,0,1.000000,1,0.000000
0,0,0.547258,1,0.452742
0,1,0.504905,0,0.495095
0,1,0.500973,0,0.499027
0,1,0.582730,0,0.417270
0,0,0.533617,1,0.466383
0,1,0.552179,0,0.447821
0,0,1.000000,1,0.000000
0,0,1.000000,1,0.000000
0,1,0.544572,0,0.455428
0,1,0.516813,0,0.483187
0,0,0.585581,1,0.414419
0,0,0.527990,1,0.472010
0,0,0.537105,1,0.462895
0,1,0.594836,0,0.405164
0,1,0.517934,0,0.482066
0,1,0.521692,0,0.478308
0,1,0.505572,0,0.494428
0,0,0.726199,1,0.273801
0,0,0.726199,1,0.273801
0,0,0.507086,1,0.492914
0,1,0.530292,0,0.469708
0,0,0.536836,1,0.463164
0,0,1.000000,1,0.000000
0,1,0.504905,0,0.495095
0,1,0.518077,0,0.481923
0,0,0.507804,1,0.492196
0,0,0.680933,1,0.319067
0,0,0.559974,1,0.440026
0,0,0.510328,1,0.489672
0,0,1.000000,1,0.000000
0,0,0.541315,1,0.458685
0,1,0.536808,0,0.463192
0,0,1.000000,1,0.000000
0,0,1.000000,1,0.000000
0,0,0.514751,1,0.485249
0,0,0.544723,1,0.455277
0,0,0.524363,1,0.475637
0,0,0.582408,1,0.417592
0,0,0.555273,1,0.444727
0,0,0.571846,1,0.428154
0,0,0.558665,1,0.441335
0,0,1.000000,1,0.000000
0,1,0.516126,0,0.483874
0,1,0.502782,0,0.497218
0,0,0.507954,1,0.492046
0,1,0.641945,0,0.358055
0,0,0.524059,1,0.475941
0,0,1.000000,1,0.000000
0,1,0.767096,0,0.232904
0,0,0.508912,1,0.491088
0,0,0.508115,1,0.491885
0,0,0.549537,1,0.450463
0,0,0.519126,1,0.480874
0,0,0.526720,1,0.473280
0,0,0.660605,1,0.339395
0,1,0.509105,0,0.490895
0,0,0.509300,1,0.490700
0,1,0.548677,0,0.451323
0,0,0.528314,1,0.471686
0,0,1.000000,1,0.000000
0,0,0.544723,1,0.455277
0,1,0.669633,0,0.330367
0,0,0.512204,1,0.487796
0,0,0.559325,1,0.440675
0,0,0.549537,1,0.450463
0,0,0.507060,1,0.492940
0,0,0.500233,1,0.499767
0,1,0.669633,0,0.330367
0,0,0.526013,1,0.473987
0,0,0.558707,1,0.441293
0,1,0.501031,0,0.498969
0,0,1.000000,1,0.000000
0,1,0.528446,0,0.471554
0,1,0.507887,0,0.492113
0,1,0.669633,0,0.330367
0,0,0.609097,1,0.390903
0,0,0.649460,1,0.350540
0,0,0.586034,1,0.413966
0,1,0.504171,0,0.495829
0,1,0.594836,0,0.405164
0,0,0.585023,1,0.414977
0,0,1.000000,1,0.000000
0,0,1.000000,1,0.000000
0,1,0.508607,0,0.491393
0,0,0.596773,1,0.403227
0,0,0.680933,1,0.319067
0,1,0.508017,0,0.491983
0,1,0.540475,0,0.459525
0,1,0.514053,0,0.485947
0,0,0.521827,1,0.478173
0,0,0.537105,1,0.462895
0,0,0.546154,1,0.453846
0,1,0.538830,0,0.461170
0,0,0.514813,1,0.485187
0,1,0.559566,0,0.440434
0,1,0.530286,0,0.469714
0,0,0.581092,1,0.418908
0,1,0.502089,0,0.497911
0,1,0.504126,0,0.495874
0,0,0.549537,1,0.450463
0,1,0.506639,0,0.493361
0,0,0.518463,1,0.481537
0,0,0.559325,1,0.440675
0,1,0.503998,0,0.496002
0,0,0.984596,1,0.015404
0,1,0.508602,0,0.491398
0,1,0.554115,0,0.445885
0,1,0.522915,0,0.477085
0,1,0.505074,0,0.494926
0,0,0.649460,1,0.350540
0,0,0.513165,1,0.486835
0,0,0.536284,1,0.463716
0,0,0.506701,1,0.493299
0,1,0.500309,0,0.499691
0,0,0.500576,1,0.499424
0,0,0.521369,1,0.478631
0,0,0.502745,1,0.497255
0,0,0.550856,1,0.449144
0,1,0.754182,0,0.245818
0,0,0.549537,1,0.450463
0,0,0.617619,1,0.382381
0,0,0.530846,1,0.469154
0,1,0.529682,0,0.470318
0,1,0.507899,0,0.492101
0,1,0.515123,0,0.484877
0,0,0.527306,1,0.472694
0,0,0.529184,1,0.470816
0,0,0.535136,1,0.464864
0,0,0.582408,1,0.417592
0,0,1.000000,1,0.000000
0,1,0.524956,0,0.475044
0,1,0.530452,0,0.469548
0,1,0.544586,0,0.455414
0,1,0.601425,0,0.398575
0,1,0.504905,0,0.495095
0,1,0.506958,0,0.493042
0,0,0.534625,1,0.465375
0,1,0.507425,0,0.492575
0,0,0.590410,1,0.409590
0,0,0.536836,1,0.463164
0,1,0.505144,0,0.494856
0,0,1.000000,1,0.000000
0,1,0.508149,0,0.491851
0,0,1.000000,1,0.000000
0,0,1.000000,1,0.000000
0,0,0.566712,1,0.433288
0,0,0.583528,1,0.416472
0,1,0.505920,0,0.494080
0,0,0.552249,1,0.447751
0,1,0.666767,0,0.333233
0,1,0.507425,0,0.492575
0,0,0.574194,1,0.425806
0,0,0.506991,1,0.493009
0,0,0.537065,1,0.462935
0,1,0.533070,0,0.466930
0,0,0.559930,1,0.440070
0,0,0.501882,1,0.498118
0,0,0.519819,1,0.480181
0,0,0.590410,1,0.409590
0,0,1.000000,1,0.000000
0,1,0.557875,0,0.442125
0,1,0.512124,0,0.487876
0,0,0.595208,1,0.404792
0,1,0.669633,0,0.330367
0,1,0.516126,0,0.483874
0,0,1.000000,1,0.000000
0,0,0.549537,1,0.450463
0,1,0.582735,0,0.417265
0,0,0.726199,1,0.273801
0,0,0.562069,1,0.437931
0,0,0.549537,1,0.450463
0,0,0.578349,1,0.421651
0,0,0.631553,1,0.368447
0,0,0.590410,1,0.409590
0,1,0.518676,0,0.481324
0,1,0.525542,0,0.474458
0,1,0.509749,0,0.490251
0,1,0.572092,0,0.427908
0,0,1.000000,1,0.000000
0,1,0.557740,0,0.442260
0,1,0.522519,0,0.477481
0,1,0.594836,0,0.405164
0,0,0.606596,1,0.393404
0,0,0.726199,1,0.273801
0,0,0.522176,1,0.477824
0,0,1.000000,1,0.000000
0,0,0.549416,1,0.450584
0,0,0.519081,1,0.480919
0,1,0.501138,0,0.498862
0,1,0.508503,0,0.491497
0,0,0.510100,1,0.489900
0,0,0.753506,1,0.246494
0,1,0.538038,0,0.461962
0,0,0.984596,1,0.015404
0,0,0.506087,1,0.493913
0,1,0.516229,0,0.483771
0,0,0.515089,1,0.484911
0,0,0.541427,1,0.458573
0,1,0.517459,0,0.482541
0,0,0.502924,1,0.497076
0,1,0.530452,0,0.469548
0,1,0.507542,0,0.492458
0,0,0.535136,1,0.464864
0,1,0.507245,0,0.492755
0,1,0.535209,0,0.464791
0,0,0.526871,1,0.473129
0,0,0.527306,1,0.472694
0,0,0.510547,1,0.489453
0,1,0.509448,0,0.490552
0,1,0.507618,0,0.492382
0,0,1.000000,1,0.000000
0,0,0.508936,1,0.491064
0,1,0.669633,0,0.330367
0,1,0.533070,0,0.466930
0,0,0.596773,1,0.403227
0,0,0.526906,1,0.473094
0,0,0.511445,1,0.488555
0,0,0.726199,1,0.273801
0,1,0.504784,0,0.495216
0,0,0.571708,1,0.428292
0,0,0.552316,1,0.447684
0,1,0.502602,0,0.497398
0,1,0.503736,0,0.496264
0,0,0.726199,1,0.273801
0,0,1.000000,1,0.000000
0,0,1.000000,1,0.000000
0,0,0.512722,1,0.487278
0,1,0.511140,0,0.488860
0,1,0.511113,0,0.488887
0,0,1.000000,1,0.000000
0,0,0.535968,1,0.464032
0,1,0.508815,0,0.491185
0,1,0.512263,0,0.487737
0,0,0.726199,1,0.273801
0,1,0.666767,0,0.333233
0,1,0.536808,0,0.463192
0,0,0.585023,1,0.414977
0,1,0.601425,0,0.398575
0,0,1.000000,1,0.000000
0,0,0.512353,1,0.487647
0,1,0.526910,0,0.473090
0,1,0.523540,0,0.476460
0,1,0.510153,0,0.489847
0,0,0.501405,1,0.498595
0,1,0.667106,0,0.332894
0,0,0.726199,1,0.273801
0,0,0.510518,1,0.489482
0,1,0.540169,0,0.459831
0,1,0.669633,0,0.330367
0,0,0.604279,1,0.395721
0,0,1.000000,1,0.000000
0,0,0.764740,1,0.235260
0,0,0.549537,1,0.450463
0,1,0.518378,0,0.481622
0,1,0.526059,0,0.473941
0,0,0.540989,1,0.459011
0,0,0.530586,1,0.469414
0,0,0.582408,1,0.417592
0,0,0.726199,1,0.273801
0,1,0.513307,0,0.486693
0,0,1.000000,1,0.000000
0,0,0.635969,1,0.364031
0,0,1.000000,1,0.000000
0,0,0.620486,1,0.379514
0,1,0.527266,0,0.472734
0,0,0.545510,1,0.454490
0,0,0.522893,1,0.477107
0,1,0.669633,0,0.330367
0,1,0.505687,0,0.494313
0,0,0.583528,1,0.416472
0,0,0.515089,1,0.484911
0,1,0.504126,0,0.495874
0,0,0.643530,1,0.356470
0,0,0.539978,1,0.460022
0,0,0.555273,1,0.444727
0,0,0.516772,1,0.483228
0,1,0.533070,0,0.466930
0,0,0.530225,1,0.469775
0,1,0.531475,0,0.468525
0,1,0.544979,0,0.455021
0,1,0.512739,0,0.487261
0,1,0.627468,0,0.372532
0,0,1.000000,1,0.000000
0,0,0.535521,1,0.464479
0,1,0.594836,0,0.405164
0,0,0.527265,1,0.472735
0,1,0.523879,0,0.476121
0,0,0.519565,1,0.480435
0,1,0.500968,0,0.499032
0,1,0.542673,0,0.457327
0,1,0.507245,0,0.492755
0,0,1.000000,1,0.000000
0,1,0.504105,0,0.495895
0,0,0.544723,1,0.455277
0,0,0.522176,1,0.477824
0,0,0.523294,1,0.476706
0,0,0.555098,1,0.444902
0,0,0.542976,1,0.457024
0,1,0.669633,0,0.330367
0,0,0.506991,1,0.493009
0,1,0.517459,0,0.482541
0,0,0.508556,1,0.491444
0,1,0.518074,0,0.481926
0,0,0.525499,1,0.474501
0,1,0.523888,0,0.476112
0,1,0.502158,0,0.497842
0,0,0.549537,1,0.450463
0,0,0.506535,1,0.493465
0,1,0.537671,0,0.462329
0,0,0.526720,1,0.473280
0,0,0.726199,1,0.273801
0,1,0.523273,0,0.476727
0,1,0.531587,0,0.468413
0,1,0.548677,0,0.451323
0,1,0.767096,0,0.232904
0,0,0.514751,1,0.485249
0,0,0.522176,1,0.477824
0,1,0.533070,0,0.466930
0,0,0.726199,1,0.273801
0,0,0.613134,1,0.386866
0,1,0.667106,0,0.332894
0,0,0.554256,1,0.445744
0,0,0.539926,1,0.460074
0,1,0.524135,0,0.475865
0,1,0.535134,0,0.464866
0,0,1.000000,1,0.000000
0,0,0.510640,1,0.489360
0,0,0.569843,1,0.430157
0,0,0.548796,1,0.451204
0,1,0.520067,0,0.479933
0,1,0.515411,0,0.484589
0,1,0.542918,0,0.457082
0,0,0.525328,1,0.474672
0,0,0.585581,1,0.414419
0,1,0.507340,0,0.492660
0,1,0.519536,0,0.480464
0,0,0.555273,1,0.444727
0,0,0.595659,1,0.404341
0,0,0.544723,1,0.455277
0,0,1.000000,1,0.000000
0,1,0.516239,0,0.483761
0,0,0.514967,1,0.485033
0,0,1.000000,1,0.000000
0,0,0.519595,1,0.480405
0,1,0.521466,0,0.478534
0,0,0.508292,1,0.491708
0,0,0.506359,1,0.493641
0,1,0.505144,0,0.494856
0,1,0.515411,0,0.484589
0,0,1.000000,1,0.000000
0,1,0.508040,0,0.491960
0,0,0.535136,1,0.464864
0,0,1.000000,1,0.000000
0,0,1.000000,1,0.000000
0,0,0.501809,1,0.498191
0,1,0.505052,0,0.494948
0,0,0.553313,1,0.446687
0,0,0.558665,1,0.441335
0,1,0.503484,0,0.496516
0,0,0.506981,1,0.493019
0,0,0.515656,1,0.484344
0,0,0.525703,1,0.474297
0,0,0.726199,1,0.273801
0,1,0.523164,0,0.476836
0,0,0.535521,1,0.464479
0,0,0.559583,1,0.440417
0,0,0.561966,1,0.438034
0,0,0.726199,1,0.273801
0,0,1.000000,1,0.000000
0,0,0.531522,1,0.468478
0,0,0.585581,1,0.414419
0,0,0.596773,1,0.403227
0,0,0.530846,1,0.469154
0,1,0.511493,0,0.488507
0,1,0.601425,0,0.398575
0,1,0.505302,0,0.494698
0,0,0.726199,1,0.273801
0,0,1.000000,1,0.000000
0,1,0.533070,0,0.466930
0,1,0.532003,0,0.467997
0,0,0.542042,1,0.457958
0,0,0.506982,1,0.493018
0,0,0.726199,1,0.273801
0,1,0.536808,0,0.463192
0,1,0.843322,0,0.156678
0,0,0.624918,1,0.375082
0,0,0.518463,1,0.481537
0,0,0.508912,1,0.491088
0,1,0.651663,0,0.348337
0,1,0.505649,0,0.494351
0,0,0.582408,1,0.417592
0,0,0.582408,1,0.417592
0,1,0.522483,0,0.477517
0,1,0.511113,0,0.488887
0,1,0.514628,0,0.485372
0,1,0.522915,0,0.477085
0,0,1.000000,1,0.000000
0,0,1.000000,1,0.000000
0,0,0.726199,1,0.273801
0,0,0.582408,1,0.417592
0,0,0.555913,1,0.444087
0,1,0.669633,0,0.330367
0,1,0.594836,0,0.405164
0,0,0.550113,1,0.449887
0,1,0.552390,0,0.447610
0,1,0.515131,0,0.484869
0,0,0.726199,1,0.273801
0,1,0.509057,0,0.490943
0,1,0.547062,0,0.452938
0,0,0.502652,1,0.497348
0,0,0.525328,1,0.474672
0,0,0.558665,1,0.441335
0,0,0.542085,1,0.457915
0,0,0.527990,1,0.472010
0,1,0.500309,0,0.499691
0,0,1.000000,1,0.000000
0,1,0.503998,0,0.496002
0,0,0.582408,1,0.417592
0,0,1.000000,1,0.000000
0,0,0.555217,1,0.444783
0,0,0.582408,1,0.417592
0,0,0.554256,1,0.445744
0,1,0.516119,0,0.483881
0,1,0.601425,0,0.398575
0,1,0.508131,0,0.491869
0,0,0.530586,1,0.469414
0,0,0.546258,1,0.453742
0,1,0.500968,0,0.499032
0,1,0.504007,0,0.495993
0,0,0.671993,1,0.328007
0,0,0.512668,1,0.487332
0,1,0.669633,0,0.330367
0,0,0.582408,1,0.417592
0,0,0.590957,1,0.409043
0,0,0.523579,1,0.476421
0,0,0.629759,1,0.370241
0,0,0.514967,1,0.485033
0,1,0.502674,0,0.497326
0,0,0.753506,1,0.246494
0,0,0.595208,1,0.404792
0,1,0.503844,0,0.496156
0,0,0.532362,1,0.467638
0,0,1.000000,1,0.000000
0,0,0.549537,1,0.450463
0,0,0.726199,1,0.273801
0,0,0.726199,1,0.273801
0,1,0.505052,0,0.494948
0,0,0.522176,1,0.477824
0,0,0.526013,1,0.473987
0,1,0.516107,0,0.483893
0,1,0.533070,0,0.466930
0,0,0.545814,1,0.454186
0,1,0.525119,0,0.474881
0,1,0.518305,0,0.481695
0,0,0.536353,1,0.463647
0,0,0.516867,1,0.483133
0,1,0.557389,0,0.442611
0,1,0.507899,0,0.492101
0,0,0.527306,1,0.472694
0,0,0.551271,1,0.448729
0,1,0.536808,0,0.463192
0,0,0.509654,1,0.490346
0,0,0.509673,1,0.490327
0,0,0.503924,1,0.496076
0,0,0.501593,1,0.498407
0,0,0.600297,1,0.399703
0,0,1.000000,1,0.000000
0,1,0.557702,0,0.442298
0,0,0.542812,1,0.457188
0,0,0.584648,1,0.415352
0,0,0.588977,1,0.411023
0,1,0.508503,0,0.491497
0,0,0.571708,1,0.428292
0,0,0.532846,1,0.467154
0,0,0.535136,1,0.464864
0,0,0.520091,1,0.479909
0,1,0.518378,0,0.481622
0,0,0.507263,1,0.492737
0,1,0.502915,0,0.497085
0,1,0.526857,0,0.473143
0,0,0.507976,1,0.492024
0,0,1.000000,1,0.000000
0,0,0.544110,1,0.455890
0,1,0.510409,0,0.489591
0,0,0.527972,1,0.472028
0,0,1.000000,1,0.000000
0,0,0.533617,1,0.466383
0,1,0.531756,0,0.468244
0,1,0.504905,0,0.495095
0,0,0.585581,1,0.414419
0,0,0.503226,1,0.496774
0,0,0.588977,1,0.411023
0,1,0.536808,0,0.463192
0,1,0.513497,0,0.486503
0,0,0.532056,1,0.467944
0,0,0.544723,1,0.455277
0,0,0.539435,1,0.460565
0,1,0.501031,0,0.498969
0,1,0.507469,0,0.492531
0,0,0.529184,1,0.470816
0,1,0.644391,0,0.355609
0,1,0.503998,0,0.496002
0,0,0.621428,1,0.378572
0,1,0.515411,0,0.484589
0,0,0.561966,1,0.438034
